tilt,lsc_objects
5,0.205
10,0.17400000000000002
20,0.21199999999999997
30,0.182
40,0.212
50,0.20299999999999996
60,0.20600000000000004
70,0.23699999999999996
80,0.229
90,0.213
