tilt,lsc_objects
5,0.0756
10,0.1226
20,0.17629999999999998
30,0.19160000000000002
40,0.2114
50,0.2107
60,0.21280000000000002
70,0.2139
80,0.2203
90,0.22190000000000001
