tilt,lsc_objects
5,0.5811999999999999
10,0.5991000000000001
20,0.6057
30,0.6138
40,0.6368
50,0.6606000000000001
60,0.6736
70,0.683
80,0.6722
90,0.6797000000000001
