tilt,lsc_objects
5,0.050300000000000004
10,0.0844
20,0.12310000000000001
30,0.134
40,0.1434
50,0.15159999999999998
60,0.1454
70,0.1443
80,0.1486
90,0.15109999999999998
