tilt,lsc_objects
5,0.20299999999999999
10,0.20100000000000004
20,0.215
30,0.22599999999999998
40,0.227
50,0.22999999999999998
60,0.267
70,0.255
80,0.252
90,0.28600000000000003
