tilt,lsc_objects
5,0.07019999999999998
10,0.0743
20,0.07700000000000001
30,0.079
40,0.08650000000000001
50,0.0901
60,0.08299999999999999
70,0.0918
80,0.1004
90,0.1019
