tilt,lsc_objects
5,0.0696
10,0.0605
20,0.0685
30,0.07050000000000001
40,0.0717
50,0.0798
60,0.08150000000000002
70,0.08719999999999999
80,0.089
90,0.0862
