tilt,lsc_objects
5,0.1378
10,0.1343
20,0.1424
30,0.14759999999999998
40,0.1517
50,0.1601
60,0.1695
70,0.17279999999999998
80,0.1743
90,0.18589999999999998
