tilt,lsc_objects
5,0.22409999999999997
10,0.23090000000000002
20,0.2393
30,0.2451
40,0.2545
50,0.2587
60,0.2866
70,0.2918
80,0.30310000000000004
90,0.314
