tilt,lsc_objects
5,0.0201
10,0.034699999999999995
20,0.052500000000000005
30,0.0613
40,0.060899999999999996
50,0.0639
60,0.06470000000000001
70,0.0636
80,0.0611
90,0.062
