tilt,lsc_objects
5,0.226
10,0.22300000000000003
20,0.23500000000000001
30,0.213
40,0.23800000000000002
50,0.24599999999999997
60,0.26300000000000007
70,0.312
80,0.289
90,0.283
