tilt,lsc_objects
5,0.22299999999999998
10,0.22000000000000003
20,0.242
30,0.23999999999999996
40,0.24400000000000002
50,0.248
60,0.275
70,0.27
80,0.299
90,0.319
