tilt,lsc_objects
5,0.0378
10,0.0659
20,0.0901
30,0.0992
40,0.1072
50,0.1141
60,0.1091
70,0.11040000000000001
80,0.1125
90,0.11320000000000001
