tilt,lsc_objects
5,0.0194
10,0.025799999999999997
20,0.0409
30,0.0442
40,0.049999999999999996
50,0.0505
60,0.0459
70,0.0522
80,0.0493
90,0.0534
