tilt,lsc_objects
5,0.052
10,0.078
20,0.134
30,0.148
40,0.14600000000000002
50,0.14300000000000002
60,0.16200000000000003
70,0.155
80,0.13899999999999998
90,0.161
