tilt,lsc_objects
5,0.0318
10,0.0465
20,0.0783
30,0.08760000000000001
40,0.0844
50,0.08349999999999999
60,0.08940000000000001
70,0.0892
80,0.0943
90,0.09090000000000001
