tilt,lsc_objects
5,0.18599999999999997
10,0.21400000000000002
20,0.214
30,0.23
40,0.24200000000000002
50,0.248
60,0.276
70,0.258
80,0.29
90,0.27599999999999997
