tilt,lsc_objects
5,0.09480000000000001
10,0.09759999999999998
20,0.10039999999999999
30,0.1031
40,0.11059999999999999
50,0.1107
60,0.113
70,0.1229
80,0.1269
90,0.131
