tilt,lsc_objects
5,0.21500000000000002
10,0.23800000000000002
20,0.22899999999999998
30,0.21499999999999997
40,0.265
50,0.28099999999999997
60,0.291
70,0.293
80,0.275
90,0.289
