tilt,lsc_objects
5,0.17119999999999996
10,0.17629999999999998
20,0.1753
30,0.1797
40,0.1927
50,0.1964
60,0.2118
70,0.21689999999999998
80,0.22879999999999998
90,0.228
