tilt,lsc_objects
5,0.21499999999999997
10,0.21900000000000003
20,0.24099999999999996
30,0.239
40,0.25500000000000006
50,0.27399999999999997
60,0.269
70,0.292
80,0.305
90,0.289
