tilt,lsc_objects
5,0.226
10,0.22300000000000003
20,0.20299999999999999
30,0.253
40,0.253
50,0.234
60,0.269
70,0.297
80,0.296
90,0.293
