tilt,lsc_objects
5,0.040999999999999995
10,0.07
20,0.119
30,0.11599999999999999
40,0.14500000000000002
50,0.12599999999999997
60,0.121
70,0.152
80,0.153
90,0.131
