tilt,lsc_objects
5,0.041999999999999996
10,0.09400000000000001
20,0.09899999999999999
30,0.11699999999999998
40,0.116
50,0.12999999999999998
60,0.132
70,0.134
80,0.132
90,0.124
