tilt,lsc_objects
5,0.048
10,0.06000000000000001
20,0.09899999999999999
30,0.12699999999999997
40,0.152
50,0.126
60,0.129
70,0.144
80,0.13699999999999998
90,0.135
