tilt,lsc_objects
5,0.046799999999999994
10,0.08220000000000001
20,0.1133
30,0.1299
40,0.135
50,0.141
60,0.1413
70,0.13770000000000002
80,0.1418
90,0.1474
