tilt,lsc_objects
5,0.05499999999999999
10,0.08700000000000001
20,0.136
30,0.144
40,0.129
50,0.16099999999999998
60,0.14300000000000002
70,0.151
80,0.16
90,0.135
