tilt,lsc_objects
5,0.0148
10,0.0252
20,0.034499999999999996
30,0.0388
40,0.04089999999999999
50,0.0465
60,0.0463
70,0.0481
80,0.043000000000000003
90,0.0434
