tilt,lsc_objects
5,0.0197
10,0.029699999999999997
20,0.0414
30,0.0526
40,0.055200000000000006
50,0.05179999999999999
60,0.056299999999999996
70,0.058
80,0.0554
90,0.057
