tilt,lsc_objects
5,0.2269
10,0.233
20,0.23490000000000003
30,0.23900000000000002
40,0.25010000000000004
50,0.2711
60,0.2813
70,0.2922
80,0.2994
90,0.31159999999999993
