tilt,lsc_objects
5,0.049999999999999996
10,0.073
20,0.114
30,0.109
40,0.125
50,0.13599999999999998
60,0.13
70,0.12999999999999998
80,0.125
90,0.14200000000000002
